label,trajectory_ind
0,32768
0,32769
0,32770
0,32771
0,32772
0,32773
0,32774
0,32775
0,32776
0,32777
0,32778
1,32779
1,32780
1,32781
1,32782
1,32783
1,32784
0,32785
0,32786
0,32787
2,32788
2,32789
2,32790
0,32791
0,32792
0,32793
0,32794
0,32795
0,32796
0,32797
0,32798
0,32799
0,32800
0,32801
0,32802
0,32803
0,32804
0,32805
1,32806
1,32807
1,32808
1,32809
1,32810
1,32811
0,32812
0,32813
0,32814
0,32815
0,32816
0,32817
0,32818
0,32819
0,32820
0,32821
0,32822
0,32823
2,32824
2,32825
2,32826
2,32827
0,32828
0,32829
0,32830
0,32831
0,32832
0,32833
0,32834
1,32835
1,32836
1,32837
1,32838
0,32839
0,32840
0,32841
0,32842
0,32843
0,32844
0,32845
1,32846
1,32847
1,32848
0,32849
1,32850
1,32851
1,32852
1,32853
1,32854
1,32855
1,32856
1,32857
1,32858
1,32859
1,32860
1,32861
0,32862
0,32863
0,32864
0,32865
0,32866
0,32867
0,32868
0,32869
0,32870
0,32871
0,32872
0,32873
0,32874
0,32875
0,32876
1,32877
1,32878
1,32879
1,32880
1,32881
1,32882
0,32883
0,32884
0,32885
0,32886
0,32887
0,32888
0,32889
1,32890
1,32891
1,32892
1,32893
0,32894
0,32895
0,32896
0,32897
0,32898
0,32899
0,32900
0,32901
0,32902
0,32903
0,32904
0,32905
0,32906
0,32907
0,32908
0,32909
0,32910
0,32911
0,32912
0,32913
0,32914
0,32915
0,32916
0,32917
0,32918
0,32919
0,32920
0,32921
0,32922
0,32923
0,32924
0,32925
0,32926
1,32927
1,32928
1,32929
1,32930
1,32931
0,32932
0,32933
0,32934
0,32935
0,32936
0,32937
0,32938
0,32939
0,32940
0,32941
0,32942
0,32943
0,32944
0,32945
0,32946
0,32947
0,32948
0,32949
0,32950
0,32951
0,32952
0,32953
0,32954
0,32955
0,32956
1,32957
1,32958
1,32959
1,32960
1,32961
1,32962
0,32963
0,32964
0,32965
0,32966
0,32967
0,32968
0,32969
0,32970
0,32971
0,32972
0,32973
0,32974
0,32975
0,32976
0,32977
0,32978
0,32979
0,32980
2,32981
2,32982
2,32983
0,32984
0,32985
0,32986
0,32987
0,32988
0,32989
0,32990
0,32991
1,32992
1,32993
1,32994
1,32995
1,32996
1,32997
1,32998
1,32999
1,33000
1,33001
1,33002
1,33003
1,33004
1,33005
1,33006
0,33007
0,33008
0,33009
0,33010
1,33011
1,33012
1,33013
1,33014
1,33015
1,33016
1,33017
1,33018
1,33019
1,33020
0,33021
0,33022
0,33023
0,33024
0,33025
0,33026
0,33027
0,33028
0,33029
0,33030
0,33031
0,33032
1,33033
1,33034
1,33035
1,33036
1,33037
0,33038
0,33039
0,33040
2,33041
2,33042
2,33043
2,33044
2,33045
2,33046
0,33047
0,33048
0,33049
0,33050
0,33051
0,33052
0,33053
0,33054
0,33055
0,33062
0,33063
0,33064
0,33065
0,33066
0,33067
0,33068
0,33069
0,33070
0,33071
1,33072
1,33073
1,33074
0,33075
0,33076
2,33077
2,33078
2,33079
0,33080
0,33081
0,33082
0,33083
0,33084
1,33085
1,33086
1,33087
1,33088
2,33089
2,33090
0,33091
0,33092
0,33093
0,33094
0,33095
0,33096
0,33097
0,33098
0,33099
0,33100
0,33101
0,33102
0,33103
0,33104
0,33105
0,33106
0,33107
0,33108
1,33109
1,33110
1,33111
1,33112
1,33113
1,33114
0,33115
0,33116
0,33117
0,33118
0,33119
0,33120
0,33121
0,33122
0,33123
0,33124
0,33125
0,33126
0,33127
1,33128
1,33129
1,33130
1,33131
1,33132
0,33133
0,33134
0,33135
0,33136
0,33137
0,33138
0,33139
0,33140
0,33141
0,33142
0,33143
0,33144
0,33145
0,33146
0,33147
0,33148
0,33149
1,33150
1,33151
1,33152
1,33153
1,33154
1,33155
0,33156
0,33157
0,33158
0,33159
0,33160
0,33161
0,33162
0,33163
0,33164
0,33165
0,33166
0,33167
0,33168
0,33169
0,33170
0,33171
0,33172
1,33173
1,33174
1,33175
1,33176
0,33177
0,33178
0,33179
0,33180
0,33181
1,33182
1,33183
1,33184
1,33185
1,33186
0,33187
0,33188
0,33189
0,33190
1,33191
1,33192
1,33193
1,33194
1,33195
1,33196
1,33197
1,33198
0,33199
0,33200
0,33201
0,33202
0,33203
0,33204
0,33205
2,33206
2,33207
2,33208
2,33209
2,33210
2,33211
2,33212
2,33213
2,33214
0,33215
0,33216
0,33217
0,33218
0,33219
0,33220
0,33221
0,33222
0,33223
0,33224
0,33225
0,33226
0,33227
0,33228
0,33229
0,33230
0,33231
0,33232
2,33233
2,33234
2,33235
2,33236
0,33237
0,33238
0,33239
0,33240
0,33241
0,33242
1,33243
1,33244
1,33245
1,33246
0,33247
0,33248
0,33249
0,33250
0,33251
0,33252
0,33253
0,33254
0,33255
0,33256
0,33257
0,33258
0,33259
0,33260
0,33261
0,33262
2,33263
2,33264
2,33265
0,33266
0,33267
0,33268
0,33269
0,33270
0,33271
0,33272
0,33273
0,33274
0,33275
0,33276
0,33277
1,33278
1,33279
1,33280
1,33281
0,33282
0,33283
0,33284
0,33285
0,33286
0,33287
0,33288
0,33289
0,33290
0,33291
0,33292
1,33293
1,33294
1,33295
1,33296
1,33297
0,33298
0,33299
0,33300
0,33301
0,33302
1,33303
1,33304
1,33305
1,33306
1,33307
1,33308
0,33309
0,33310
0,33311
0,33312
0,33313
0,33314
0,33315
0,33316
2,33317
2,33318
0,33319
0,33320
0,33321
0,33322
0,33323
2,33324
2,33325
0,33326
0,33327
0,33328
0,33329
0,33330
0,33331
0,33332
0,33333
0,33334
0,33335
0,33336
0,33337
0,33338
0,33339
0,33340
0,33341
0,33342
0,33343
0,33344
2,33345
2,33346
0,33347
0,33348
0,33349
0,33350
1,33351
1,33352
1,33353
0,33354
0,33355
0,33356
0,33357
0,33358
0,33359
0,33360
0,33361
0,33362
0,33363
0,33364
0,33365
0,33366
0,33367
0,33368
0,33369
0,33370
0,33371
0,33372
0,33373
0,33374
0,33375
0,33376
0,33377
0,33378
0,33379
0,33380
0,33381
0,33382
0,33383
0,33384
0,33385
0,33386
0,33387
0,33388
0,33389
0,33390
0,33391
0,33392
0,33393
1,33394
1,33395
1,33396
1,33397
0,33398
0,33399
0,33400
0,33401
0,33402
2,33403
2,33404
2,33405
2,33406
2,33407
2,33408
0,33409
0,33410
0,33411
2,33412
2,33413
2,33414
2,33415
0,33416
0,33417
0,33418
0,33419
0,33420
0,33421
0,33422
0,33423
0,33424
0,33425
0,33426
0,33427
0,33428
0,33429
0,33436
0,33437
0,33438
1,33439
1,33440
1,33441
1,33442
1,33443
0,33444
0,33445
0,33446
1,33447
1,33448
1,33449
1,33450
1,33451
1,33452
1,33453
1,33454
1,33455
1,33456
1,33457
1,33458
1,33459
1,33460
1,33461
1,33462
0,33463
0,33464
0,33465
0,33466
0,33467
0,33468
0,33469
0,33470
0,33471
0,33472
0,33473
0,33474
0,33475
0,33476
0,33477
0,33478
0,33479
0,33480
0,33481
0,33482
0,33483
0,33484
0,33485
0,33486
1,33487
1,33488
1,33489
0,33490
0,33491
0,33492
0,33493
0,33494
0,33495
0,33496
0,33497
0,33498
0,33499
0,33500
0,33501
0,33502
0,33503
0,33504
0,33505
0,33506
0,33507
0,33508
0,33509
0,33510
0,33511
0,33512
0,33513
0,33514
0,33515
0,33516
0,33517
0,33518
0,33519
0,33520
0,33521
1,33522
1,33523
1,33524
1,33525
1,33526
1,33527
2,33528
2,33529
2,33530
0,33531
0,33532
0,33533
0,33534
0,33535
0,33536
0,33537
0,33538
0,33539
0,33540
0,33541
0,33542
0,33543
2,33544
2,33545
2,33546
0,33547
0,33548
0,33549
0,33550
1,33551
1,33552
1,33553
1,33554
1,33555
1,33556
1,33557
1,33558
1,33559
1,33560
1,33561
0,33562
0,33563
0,33564
1,33565
1,33566
1,33567
1,33568
1,33569
1,33570
0,33571
0,33572
0,33573
0,33574
0,33575
0,33576
0,33577
0,33578
0,33579
0,33580
0,33581
0,33582
0,33583
0,33584
0,33585
0,33586
0,33587
0,33588
0,33589
0,33590
0,33591
1,33592
1,33593
1,33594
0,33595
0,33596
0,33597
0,33598
0,33599
0,33600
0,33601
1,33602
1,33603
1,33604
0,33605
0,33606
0,33607
2,33608
2,33609
2,33610
2,33611
2,33612
2,33613
0,33614
0,33615
0,33616
1,33617
1,33618
1,33619
1,33620
0,33621
0,33622
0,33623
1,33624
1,33625
1,33626
1,33627
2,33628
2,33629
2,33630
2,33631
2,33632
2,33633
2,33634
0,33635
0,33636
0,33637
0,33638
0,33639
0,33640
0,33641
0,33642
0,33643
0,33644
1,33645
1,33646
1,33647
1,33648
1,33649
1,33650
1,33651
0,33652
0,33653
0,33654
0,33655
0,33656
1,33657
1,33658
1,33659
1,33660
1,33661
1,33662
2,33663
2,33664
2,33665
0,33666
0,33667
0,33668
0,33669
0,33670
0,33671
0,33672
0,33673
0,33674
1,33675
1,33676
1,33677
1,33678
1,33679
0,33680
0,33681
0,33682
0,33683
0,33684
0,33685
0,33686
0,33687
0,33688
1,33689
1,33690
1,33691
1,33692
1,33693
1,33694
1,33695
1,33696
1,33697
0,33698
0,33699
0,33700
1,33701
1,33702
1,33703
1,33704
0,33705
0,33706
0,33707
0,33708
1,33709
1,33710
1,33711
1,33712
1,33713
0,33714
0,33715
0,33716
0,33717
0,33718
0,33719
0,33720
0,33721
0,33722
0,33723
0,33724
0,33725
1,33726
1,33727
1,33728
1,33729
0,33730
0,33731
0,33732
1,33733
1,33734
1,33735
1,33736
1,33737
1,33738
2,33739
2,33740
1,33741
1,33742
1,33743
1,33744
0,33745
0,33746
0,33747
0,33748
0,33749
0,33750
0,33751
0,33752
0,33753
0,33754
0,33755
0,33756
0,33757
0,33758
0,33759
0,33760
0,33761
2,33762
2,33763
0,33764
0,33765
0,33766
0,33767
0,33768
0,33769
0,33770
0,33771
0,33772
0,33773
0,33774
0,33775
0,33776
0,33777
0,33778
0,33779
0,33780
0,33781
0,33782
0,33783
1,33784
1,33785
1,33786
1,33787
0,33788
0,33789
0,33790
0,33791
1,33792
1,33793
1,33794
1,33795
2,33796
2,33797
1,33798
1,33799
1,33800
1,33801
1,33802
2,33803
2,33804
1,33805
1,33806
1,33807
1,33808
0,33809
0,33810
0,33811
1,33812
1,33813
1,33814
1,33815
1,33816
0,33817
0,33818
0,33819
2,33820
2,33821
2,33822
2,33823
0,33824
0,33825
0,33826
0,33827
0,33828
0,33829
0,33830
0,33831
0,33832
0,33833
0,33834
0,33835
0,33836
0,33837
0,33838
0,33839
0,33840
0,33841
0,33842
0,33843
0,33844
0,33845
0,33846
0,33847
0,33848
0,33849
0,33850
0,33851
0,33852
0,33853
0,33854
0,33855
0,33856
2,33857
2,33858
2,33859
2,33860
2,33861
2,33862
2,33863
2,33864
0,33865
0,33866
0,33867
1,33868
1,33869
0,33870
1,33871
1,33872
0,33873
0,33874
0,33875
1,33876
1,33877
1,33878
1,33879
1,33880
1,33881
0,33882
0,33883
0,33884
0,33885
0,33886
0,33887
0,33888
0,33889
0,33890
0,33891
0,33892
0,33893
0,33894
0,33895
0,33896
0,33897
2,33898
2,33899
2,33900
2,33901
0,33902
0,33903
0,33904
0,33905
0,33906
0,33907
0,33908
0,33909
1,33910
1,33911
1,33912
1,33913
1,33914
1,33915
0,33916
0,33917
0,33918
0,33919
0,33920
0,33921
0,33922
0,33923
0,33924
0,33925
0,33926
0,33927
0,33928
0,33929
0,33930
0,33931
0,33932
0,33933
0,33934
1,33935
1,33936
1,33937
1,33938
1,33939
0,33940
0,33941
0,33942
0,33943
0,33944
0,33945
0,33946
0,33947
0,33948
0,33949
0,33950
0,33951
0,33952
0,33953
0,33954
0,33955
0,33956
0,33957
0,33958
0,33959
0,33960
0,33961
0,33962
1,33963
1,33964
1,33965
1,33966
1,33967
1,33968
1,33969
1,33970
1,33971
1,33972
1,33973
1,33974
1,33975
1,33976
1,33977
1,33978
1,33979
1,33980
0,33981
0,33982
0,33983
0,33984
0,33985
0,33986
0,33987
0,33988
0,33989
1,33990
1,33991
1,33992
1,33993
1,33994
1,33995
0,33996
0,33997
0,33998
0,33999
0,34000
0,34001
1,34002
1,34003
1,34004
1,34005
1,34006
0,34007
0,34008
0,34009
0,34010
0,34011
0,34012
0,34013
0,34014
0,34015
0,34016
0,34017
0,34018
0,34019
0,34020
0,34021
0,34022
0,34023
0,34024
2,34025
2,34026
0,34027
0,34028
0,34029
0,34030
0,34031
0,34032
0,34033
0,34034
1,34035
1,34036
1,34037
1,34038
1,34039
1,34040
1,34041
1,34042
1,34043
1,34044
1,34045
1,34046
1,34047
1,34048
0,34049
0,34050
0,34051
0,34052
1,34053
1,34054
1,34055
1,34056
0,34057
0,34058
0,34059
0,34060
0,34061
0,34062
0,34063
0,34064
0,34065
0,34066
0,34067
0,34068
0,34069
0,34070
0,34071
0,34072
0,34073
0,34074
0,34075
0,34076
0,34077
0,34078
0,34079
0,34080
0,34081
0,34082
0,34083
0,34084
0,34085
0,34086
0,34087
0,34088
0,34089
0,34090
0,34091
0,34092
0,34093
0,34094
0,34095
0,34096
2,34097
2,34098
0,34099
0,34100
0,34101
0,34102
0,34103
0,34104
0,34105
0,34106
0,34107
0,34108
0,34109
0,34110
0,34111
1,34112
1,34113
1,34114
1,34115
0,34116
0,34117
0,34118
0,34119
0,34120
0,34121
0,34122
0,34123
0,34124
0,34125
0,34126
0,34127
0,34128
0,34129
0,34130
1,34131
1,34132
1,34133
1,34134
0,34135
0,34136
0,34137
0,34138
2,34139
2,34140
2,34141
0,34142
0,34143
0,34144
1,34145
1,34146
1,34147
1,34148
1,34149
1,34150
0,34151
0,34152
0,34153
0,34154
0,34155
0,34156
0,34157
0,34158
0,34159
0,34160
0,34161
0,34162
0,34163
0,34164
0,34165
0,34166
0,34167
0,34168
1,34169
1,34170
1,34171
1,34172
1,34173
1,34174
1,34175
1,34176
2,34177
2,34178
0,34179
0,34180
0,34181
0,34182
0,34183
0,34184
0,34185
0,34186
0,34187
0,34188
2,34189
2,34190
2,34191
2,34192
0,34193
0,34194
0,34195
0,34196
0,34197
0,34198
0,34199
0,34200
0,34201
0,34202
0,34203
0,34204
2,34205
2,34206
0,34207
0,34208
0,34209
0,34210
0,34211
0,34212
0,34213
0,34214
0,34215
0,34216
0,34217
0,34218
0,34219
0,34220
0,34221
0,34222
0,34223
0,34224
0,34225
2,34226
2,34227
0,34228
0,34229
0,34230
0,34231
0,34232
2,34233
2,34234
2,34235
2,34236
1,34237
1,34238
1,34239
1,34240
1,34241
0,34242
0,34243
0,34244
0,34245
1,34246
0,34247
0,34248
0,34249
1,34250
1,34251
1,34252
1,34253
1,34254
1,34255
1,34256
1,34257
1,34258
0,34259
0,34260
0,34261
0,34262
0,34263
0,34264
0,34265
0,34266
0,34267
0,34268
0,34269
0,34270
0,34271
0,34272
0,34273
2,34274
2,34275
2,34276
2,34277
2,34278
2,34279
2,34280
2,34281
2,34282
2,34283
2,34284
2,34285
0,34286
0,34287
0,34288
0,34289
1,34290
1,34291
1,34292
1,34293
0,34294
0,34295
0,34296
0,34297
0,34298
0,34299
0,34300
0,34301
0,34302
0,34303
0,34304
0,34305
0,34306
0,34307
0,34308
0,34309
0,34310
0,34311
0,34312
0,34313
0,34314
0,34315
0,34316
0,34317
0,34318
0,34319
0,34320
0,34321
0,34322
0,34323
0,34324
0,34325
0,34326
0,34327
0,34328
0,34329
0,34330
0,34331
0,34332
0,34333
0,34334
0,34335
0,34336
0,34337
0,34338
0,34339
0,34340
1,34341
1,34342
1,34343
1,34344
0,34345
0,34346
0,34347
0,34348
0,34349
0,34350
0,34351
0,34352
0,34353
0,34354
0,34355
0,34356
0,34357
0,34358
0,34359
0,34360
0,34361
0,34362
0,34363
0,34364
0,34365
0,34366
0,34367
0,34368
0,34369
0,34370
0,34371
0,34372
0,34373
0,34374
0,34375
0,34376
0,34377
0,34378
0,34379
0,34380
2,34387
2,34388
2,34389
2,34390
1,34391
1,34392
1,34393
1,34394
0,34395
0,34396
0,34397
0,34398
0,34399
0,34400
0,34401
0,34402
0,34403
0,34404
0,34405
1,34406
1,34407
1,34408
1,34409
1,34410
0,34411
0,34412
0,34413
0,34414
0,34415
0,34416
0,34417
0,34418
0,34419
0,34420
0,34421
1,34422
1,34423
1,34424
1,34425
1,34426
1,34427
0,34428
0,34429
0,34430
0,34431
0,34432
0,34433
0,34434
0,34435
0,34436
0,34437
0,34438
0,34439
0,34440
1,34441
1,34442
1,34443
1,34444
0,34445
0,34446
0,34447
0,34448
0,34449
0,34450
0,34451
2,34452
2,34453
2,34454
2,34455
1,34456
1,34457
1,34458
1,34459
1,34460
1,34461
0,34462
0,34463
0,34464
0,34465
1,34466
1,34467
1,34468
1,34469
1,34470
1,34471
1,34472
1,34473
1,34474
0,34475
0,34476
0,34477
0,34478
0,34479
0,34480
0,34481
0,34482
0,34483
0,34484
0,34485
0,34486
1,34487
1,34488
1,34489
1,34490
1,34491
1,34492
1,34493
0,34494
0,34495
0,34496
0,34497
0,34498
0,34499
0,34500
0,34501
0,34502
1,34503
1,34504
1,34505
1,34506
1,34507
1,34508
0,34509
0,34510
0,34511
0,34512
0,34513
0,34514
0,34515
0,34516
0,34517
0,34518
1,34519
1,34520
1,34521
1,34522
0,34523
0,34524
0,34525
2,34526
2,34527
2,34528
2,34529
0,34530
0,34531
0,34532
0,34533
0,34534
0,34535
0,34536
0,34537
0,34538
0,34539
0,34540
0,34541
0,34542
1,34543
1,34544
1,34545
1,34546
1,34547
0,34548
0,34549
0,34550
0,34551
0,34552
1,34553
1,34554
1,34555
1,34556
1,34557
1,34558
1,34559
1,34560
1,34561
1,34562
0,34563
0,34564
0,34565
0,34566
0,34567
0,34568
0,34569
0,34570
0,34571
0,34572
0,34573
0,34574
0,34575
0,34576
0,34577
0,34578
0,34579
0,34580
1,34581
1,34582
1,34583
1,34584
0,34585
0,34586
0,34587
0,34588
1,34589
1,34590
1,34591
1,34592
1,34593
1,34594
1,34595
1,34596
1,34597
2,34598
2,34599
1,34600
1,34601
1,34602
1,34603
2,34604
2,34605
2,34606
2,34607
0,34608
0,34609
0,34610
0,34611
0,34612
0,34613
0,34614
0,34615
0,34616
0,34617
0,34618
0,34619
0,34620
0,34621
0,34622
0,34623
0,34624
0,34625
0,34626
0,34627
1,34628
1,34629
1,34630
1,34631
1,34632
0,34633
0,34634
0,34635
0,34636
0,34637
0,34638
0,34639
0,34640
0,34641
0,34642
0,34643
0,34644
0,34645
1,34646
1,34647
1,34648
1,34649
1,34650
1,34651
1,34652
1,34653
1,34654
1,34655
0,34656
0,34657
0,34658
0,34659
0,34660
0,34661
0,34662
0,34663
0,34664
0,34665
0,34666
0,34667
0,34668
0,34669
0,34670
0,34671
0,34672
0,34673
0,34674
0,34675
0,34676
0,34677
0,34678
0,34679
0,34680
1,34681
1,34682
1,34683
1,34684
1,34685
0,34686
0,34687
0,34688
0,34689
0,34690
0,34691
0,34692
2,34693
2,34694
0,34695
0,34696
0,34697
0,34698
1,34699
1,34700
1,34701
1,34702
1,34703
1,34704
1,34705
1,34706
0,34707
0,34708
0,34709
0,34710
0,34711
0,34712
0,34713
0,34714
0,34715
0,34716
0,34717
0,34718
0,34719
0,34720
0,34721
0,34722
0,34723
0,34724
0,34725
0,34726
0,34727
0,34728
0,34729
0,34730
0,34731
1,34732
1,34733
1,34734
1,34735
1,34736
1,34737
2,34738
2,34739
2,34740
2,34741
0,34742
0,34743
0,34744
0,34745
0,34746
0,34747
0,34748
0,34749
0,34750
0,34751
0,34752
0,34753
0,34754
0,34755
1,34756
1,34757
1,34758
1,34759
1,34760
1,34761
1,34762
1,34763
1,34764
1,34765
0,34766
0,34767
0,34768
0,34769
0,34770
0,34771
0,34772
0,34773
0,34774
0,34775
0,34776
0,34777
0,34778
0,34779
0,34780
0,34781
1,34782
0,34783
1,34784
0,34785
0,34786
0,34787
0,34788
0,34789
0,34790
0,34791
0,34792
0,34793
1,34794
1,34795
1,34796
1,34797
1,34798
1,34799
1,34800
1,34801
0,34802
0,34803
0,34804
0,34805
1,34806
1,34807
1,34808
1,34809
1,34810
1,34811
1,34812
1,34813
1,34814
1,34815
1,34816
1,34817
1,34818
0,34819
0,34820
0,34821
2,34822
2,34823
0,34824
0,34825
0,34826
0,34827
0,34828
0,34829
0,34830
0,34831
0,34832
0,34833
0,34834
0,34835
0,34836
0,34837
0,34838
0,34839
0,34840
0,34841
0,34842
0,34843
0,34844
0,34845
0,34846
0,34847
0,34848
0,34849
0,34850
0,34851
0,34852
0,34853
0,34854
2,34855
2,34856
2,34857
2,34858
2,34859
2,34860
1,34861
1,34862
1,34863
1,34864
1,34865
1,34866
0,34867
0,34868
0,34869
0,34870
0,34871
0,34872
0,34873
1,34874
1,34875
1,34876
1,34877
1,34878
1,34879
1,34880
1,34881
2,34882
2,34883
0,34884
0,34885
0,34886
0,34887
0,34888
0,34889
0,34890
0,34891
0,34892
1,34893
1,34894
1,34895
1,34896
0,34897
0,34898
0,34899
0,34900
0,34901
0,34902
0,34903
0,34904
0,34905
0,34906
0,34907
0,34908
0,34909
0,34910
0,34911
0,34912
0,34913
0,34914
0,34915
0,34916
1,34917
1,34918
1,34919
1,34920
0,34921
0,34922
0,34923
0,34924
0,34925
0,34926
0,34927
0,34928
0,34929
0,34930
0,34931
0,34932
0,34933
0,34934
0,34935
0,34936
1,34937
1,34938
1,34939
1,34940
1,34941
1,34942
0,34943
0,34944
0,34945
0,34946
0,34947
0,34948
0,34949
0,34950
0,34951
0,34952
0,34953
2,34954
2,34955
2,34956
2,34957
2,34958
0,34959
0,34960
0,34961
0,34962
0,34963
0,34964
0,34965
0,34966
0,34967
0,34968
0,34969
0,34970
0,34971
0,34972
0,34973
2,34974
2,34975
0,34976
0,34977
0,34978
0,34979
0,34980
0,34981
0,34982
0,34983
0,34984
0,34985
0,34986
0,34987
0,34988
0,34989
0,34990
0,34991
0,34992
0,34993
0,34994
0,34995
0,34996
0,34997
0,34998
0,34999
0,35000
1,35001
1,35002
2,35003
2,35004
2,35005
0,35006
0,35007
0,35008
0,35009
0,35010
0,35011
0,35012
0,35013
0,35014
0,35015
0,35016
0,35017
0,35018
0,35019
0,35020
0,35021
0,35022
0,35023
0,35024
0,35025
1,35026
1,35027
1,35028
1,35029
0,35030
0,35031
0,35032
0,35033
0,35034
0,35035
0,35036
0,35037
0,35038
0,35039
0,35040
1,35041
1,35042
1,35043
1,35044
0,35045
0,35046
0,35047
0,35048
0,35049
0,35050
0,35051
0,35052
0,35053
0,35054
0,35055
0,35056
0,35057
0,35058
0,35059
0,35060
0,35061
0,35062
0,35063
0,35064
0,35065
0,35066
0,35067
1,35068
1,35069
1,35070
1,35071
0,35072
0,35073
0,35074
0,35075
0,35076
0,35077
2,35078
2,35079
2,35080
0,35081
0,35082
0,35083
2,35084
2,35085
0,35086
0,35087
0,35088
0,35089
0,35090
0,35091
0,35092
0,35093
0,35094
0,35095
0,35096
0,35097
1,35098
1,35099
1,35100
1,35101
1,35102
1,35103
0,35104
0,35105
0,35106
0,35107
2,35108
2,35109
1,35110
1,35111
1,35112
1,35113
1,35114
0,35115
0,35116
0,35117
0,35118
0,35119
0,35120
0,35121
0,35122
0,35123
0,35124
0,35125
0,35126
0,35127
0,35128
0,35129
0,35130
0,35131
2,35132
2,35133
2,35134
2,35135
1,35136
1,35137
1,35138
1,35139
1,35140
0,35141
0,35142
0,35143
0,35144
0,35145
0,35146
0,35147
0,35148
0,35149
0,35150
0,35151
0,35152
0,35153
0,35154
0,35155
0,35156
0,35157
0,35158
0,35159
0,35160
0,35161
0,35162
0,35163
1,35164
1,35165
1,35166
1,35167
1,35168
1,35169
0,35170
0,35171
0,35172
0,35173
0,35174
0,35175
0,35176
0,35177
1,35178
1,35179
1,35180
1,35181
0,35182
0,35183
0,35184
0,35185
1,35186
1,35187
1,35188
1,35189
1,35190
0,35191
0,35192
0,35193
0,35194
0,35195
0,35196
0,35197
0,35198
0,35199
1,35200
1,35201
1,35202
1,35203
1,35204
0,35205
0,35206
0,35207
0,35208
1,35209
1,35210
1,35211
1,35212
0,35213
0,35214
0,35215
0,35216
0,35217
0,35218
0,35219
0,35220
0,35221
0,35222
0,35223
0,35224
0,35225
0,35226
2,35227
2,35228
2,35229
0,35230
0,35231
0,35232
0,35233
0,35234
1,35235
1,35236
1,35237
1,35238
0,35239
0,35240
0,35241
0,35242
2,35243
2,35244
2,35245
0,35246
0,35247
0,35248
0,35249
0,35250
0,35251
0,35252
0,35253
0,35254
0,35255
0,35256
0,35257
0,35258
0,35259
0,35260
0,35261
0,35262
0,35263
0,35264
0,35265
0,35266
0,35267
0,35268
0,35269
0,35270
1,35271
1,35272
1,35273
1,35274
1,35275
1,35276
1,35277
1,35278
1,35279
1,35280
1,35281
1,35282
1,35283
1,35284
1,35285
1,35286
1,35287
1,35288
0,35289
0,35290
0,35291
0,35292
0,35293
0,35294
0,35295
0,35296
0,35297
0,35298
0,35299
0,35300
0,35301
1,35302
1,35303
1,35304
1,35305
1,35306
0,35307
0,35308
0,35309
0,35310
0,35311
0,35312
0,35313
0,35314
0,35315
0,35316
0,35317
0,35318
0,35319
0,35320
0,35321
0,35322
0,35323
0,35324
0,35325
0,35326
0,35327
0,35328
0,35329
0,35330
0,35331
0,35332
0,35333
0,35334
0,35335
0,35336
0,35337
0,35338
0,35339
0,35340
0,35341
0,35342
1,35343
1,35344
1,35345
1,35346
1,35347
0,35348
0,35349
0,35350
0,35351
0,35352
1,35353
1,35354
1,35355
1,35356
1,35357
1,35358
1,35359
1,35360
1,35361
1,35362
1,35363
1,35364
1,35365
1,35366
1,35367
1,35368
1,35369
2,35370
2,35371
2,35372
2,35373
2,35374
2,35375
2,35376
2,35377
0,35378
0,35379
0,35380
0,35381
0,35382
0,35383
0,35384
0,35385
0,35386
0,35387
0,35388
0,35389
0,35390
0,35391
0,35392
0,35393
0,35394
0,35395
0,35396
0,35397
0,35398
1,35399
1,35400
1,35401
1,35402
1,35403
2,35404
2,35405
2,35406
0,35407
0,35408
0,35409
0,35410
0,35411
0,35412
0,35413
0,35414
1,35415
1,35416
1,35417
1,35418
1,35419
1,35420
1,35421
1,35422
1,35423
1,35424
1,35425
1,35426
0,35427
0,35428
0,35429
0,35430
0,35431
0,35432
0,35433
0,35434
0,35435
0,35436
0,35437
0,35438
0,35439
0,35440
0,35441
0,35442
0,35443
0,35444
0,35445
0,35446
0,35447
0,35448
0,35449
0,35450
0,35451
0,35452
0,35453
0,35454
0,35455
0,35456
0,35457
0,35458
0,35459
0,35460
0,35461
0,35462
2,35463
2,35464
2,35465
2,35466
0,35467
0,35468
0,35469
0,35470
0,35471
0,35472
0,35473
0,35474
0,35475
0,35476
0,35477
0,35478
0,35479
0,35480
0,35481
0,35482
0,35483
0,35484
0,35485
0,35486
0,35487
0,35488
1,35489
1,35490
1,35491
1,35492
1,35493
1,35494
1,35495
1,35496
1,35497
1,35498
1,35499
1,35500
0,35501
0,35502
0,35503
2,35504
2,35505
2,35506
0,35507
0,35508
0,35509
0,35510
0,35511
0,35512
0,35513
0,35514
0,35515
0,35516
0,35517
0,35518
0,35519
0,35520
0,35521
0,35522
0,35523
0,35524
0,35525
0,35526
0,35527
0,35528
0,35529
0,35530
0,35531
0,35532
0,35533
0,35534
0,35535
0,35536
0,35537
0,35538
0,35539
0,35540
0,35541
0,35542
0,35543
0,35544
1,35545
1,35546
1,35547
1,35548
1,35549
1,35550
0,35551
0,35552
0,35553
0,35554
0,35555
0,35556
0,35557
0,35558
0,35559
0,35560
0,35561
0,35562
0,35563
0,35564
0,35565
0,35566
0,35567
0,35568
0,35569
0,35570
0,35571
0,35572
0,35573
2,35574
2,35575
2,35576
2,35577
0,35578
0,35579
0,35580
0,35581
0,35582
0,35583
0,35584
0,35585
0,35586
0,35587
0,35588
0,35589
0,35590
0,35591
0,35592
0,35593
0,35594
0,35595
0,35596
1,35597
1,35598
1,35599
1,35600
1,35601
0,35602
0,35603
0,35604
0,35605
1,35606
1,35607
1,35608
1,35609
0,35610
0,35611
0,35612
0,35613
0,35614
1,35615
1,35616
1,35617
1,35618
1,35619
0,35620
0,35621
0,35622
0,35623
0,35624
0,35625
0,35626
0,35627
0,35628
0,35629
0,35630
0,35631
0,35632
0,35633
0,35634
0,35635
0,35636
0,35637
0,35638
0,35639
2,35640
2,35641
2,35642
2,35643
0,35644
0,35645
0,35646
0,35647
0,35648
0,35649
0,35650
0,35651
0,35652
0,35653
0,35654
0,35655
0,35656
0,35657
0,35658
0,35659
0,35660
0,35661
0,35662
0,35663
0,35664
0,35665
0,35666
0,35667
0,35668
0,35669
0,35670
0,35671
0,35672
0,35673
0,35674
0,35675
0,35676
0,35677
0,35678
0,35679
0,35680
0,35681
0,35682
0,35683
2,35684
2,35685
2,35686
1,35687
1,35688
1,35689
1,35690
1,35691
1,35692
1,35693
1,35694
1,35695
1,35696
1,35697
0,35698
0,35699
0,35700
0,35701
0,35702
0,35703
0,35704
0,35705
0,35706
0,35707
0,35708
0,35709
1,35710
1,35711
1,35712
1,35713
0,35714
0,35715
0,35716
0,35717
0,35718
0,35719
0,35720
0,35721
0,35722
0,35723
1,35724
1,35725
1,35726
1,35727
0,35728
0,35729
0,35730
0,35731
0,35732
0,35733
0,35734
0,35735
0,35736
0,35737
0,35738
0,35739
0,35740
0,35741
0,35742
0,35743
0,35744
0,35745
0,35746
0,35747
0,35748
0,35749
0,35750
0,35751
0,35752
0,35753
0,35754
0,35755
0,35756
0,35757
0,35758
0,35759
0,35760
0,35761
0,35762
0,35763
0,35764
0,35765
0,35766
0,35767
0,35768
0,35769
2,35770
2,35771
2,35772
0,35773
0,35774
0,35775
0,35776
1,35777
1,35778
1,35779
2,35780
2,35781
2,35782
2,35783
0,35784
0,35785
0,35786
0,35787
0,35788
0,35789
0,35790
0,35791
0,35792
0,35793
0,35794
0,35795
0,35796
0,35797
0,35798
0,35799
1,35800
1,35801
1,35802
1,35803
1,35804
1,35805
1,35806
1,35807
1,35808
0,35809
0,35810
0,35811
2,35812
2,35813
2,35814
0,35815
0,35816
0,35817
0,35818
0,35819
1,35820
1,35821
1,35822
1,35823
0,35824
0,35825
0,35826
0,35827
0,35828
0,35829
0,35830
0,35831
0,35832
0,35833
0,35834
0,35835
0,35836
0,35837
0,35838
0,35839
1,35840
1,35841
1,35842
1,35843
1,35844
0,35845
0,35846
0,35847
1,35848
1,35849
1,35850
1,35851
0,35852
0,35853
0,35854
0,35855
0,35856
0,35857
0,35858
0,35859
0,35860
0,35861
0,35862
0,35863
0,35864
1,35865
1,35866
1,35867
1,35868
1,35869
1,35870
0,35871
0,35872
0,35873
0,35874
1,35875
1,35876
1,35877
1,35878
1,35879
0,35880
0,35881
0,35882
0,35883
0,35884
0,35885
0,35886
0,35887
0,35888
0,35889
0,35890
0,35891
0,35892
0,35893
0,35894
0,35895
0,35896
2,35897
2,35898
0,35899
0,35900
0,35901
0,35902
0,35903
0,35904
0,35905
0,35906
0,35907
0,35908
0,35909
0,35910
0,35911
0,35912
0,35913
0,35914
0,35915
0,35916
0,35917
0,35918
0,35919
0,35920
0,35921
0,35922
0,35923
0,35924
0,35925
2,35926
2,35927
2,35928
1,35929
1,35930
1,35931
1,35932
1,35933
1,35934
1,35935
1,35936
0,35937
0,35938
0,35939
0,35940
0,35941
2,35942
2,35943
2,35944
2,35945
0,35946
0,35947
0,35948
0,35949
1,35950
1,35951
1,35952
1,35953
1,35954
1,35955
1,35956
1,35957
0,35958
0,35959
0,35960
1,35961
1,35962
1,35963
1,35964
1,35965
1,35966
0,35967
0,35968
0,35969
0,35970
0,35971
0,35972
0,35973
0,35974
0,35975
0,35976
0,35977
0,35978
0,35979
2,35980
2,35981
0,35982
0,35983
0,35984
0,35985
0,35986
0,35987
0,35988
0,35989
0,35990
0,35991
0,35992
0,35993
0,35994
0,35995
0,35996
1,35997
1,35998
1,35999
1,36000
1,36001
2,36002
2,36003
0,36004
0,36005
0,36006
0,36007
0,36008
0,36009
0,36010
0,36011
0,36012
0,36013
0,36014
0,36015
0,36016
0,36017
0,36018
0,36019
0,36020
0,36021
0,36022
0,36023
0,36024
0,36025
1,36026
1,36027
1,36028
1,36029
1,36030
1,36031
0,36032
0,36033
0,36034
0,36035
0,36036
0,36037
0,36038
0,36039
0,36040
0,36041
0,36042
0,36043
1,36044
1,36045
1,36046
1,36047
0,36048
0,36049
0,36050
1,36051
1,36052
1,36053
1,36054
1,36055
0,36056
0,36057
0,36058
0,36059
0,36060
0,36061
0,36062
0,36063
0,36064
0,36065
0,36066
0,36067
0,36068
1,36069
1,36070
1,36071
1,36072
1,36073
1,36074
1,36075
1,36076
1,36077
1,36078
0,36079
0,36080
0,36081
0,36082
0,36083
1,36084
1,36085
1,36086
1,36087
0,36088
0,36089
0,36090
0,36091
0,36092
0,36093
0,36094
1,36095
1,36096
1,36097
1,36098
1,36099
1,36100
1,36101
1,36102
1,36103
1,36104
0,36105
0,36106
0,36107
0,36108
0,36109
0,36110
0,36111
0,36112
0,36113
0,36114
0,36115
0,36116
0,36117
0,36118
0,36119
0,36120
0,36121
0,36122
0,36123
0,36124
0,36125
0,36126
0,36127
0,36128
0,36129
0,36130
0,36131
0,36132
0,36133
0,36134
0,36135
0,36136
0,36137
1,36138
1,36139
1,36140
1,36141
1,36142
1,36143
1,36144
0,36145
0,36146
0,36147
0,36148
1,36149
1,36150
1,36151
1,36152
0,36153
0,36154
0,36155
0,36156
0,36162
0,36163
0,36164
0,36165
0,36166
0,36167
0,36168
0,36169
0,36170
1,36171
1,36172
1,36173
1,36174
1,36175
1,36176
0,36177
0,36178
0,36179
0,36180
0,36181
0,36182
0,36183
0,36184
0,36185
0,36186
0,36187
0,36188
0,36189
0,36190
0,36191
0,36192
0,36193
0,36194
0,36195
0,36196
1,36197
1,36198
1,36199
1,36200
0,36201
0,36202
0,36203
0,36204
0,36205
0,36206
0,36207
1,36208
1,36209
1,36210
1,36211
1,36212
1,36213
1,36214
1,36215
1,36216
0,36217
0,36218
0,36219
0,36220
0,36221
0,36222
0,36223
0,36224
1,36225
1,36226
1,36227
1,36228
1,36229
1,36230
1,36231
1,36232
1,36233
1,36234
0,36235
0,36236
0,36237
0,36238
0,36239
0,36240
0,36241
1,36242
1,36243
1,36244
1,36245
1,36246
1,36247
0,36248
0,36249
0,36250
0,36251
0,36252
0,36253
0,36254
0,36255
0,36256
0,36257
0,36258
0,36259
0,36260
0,36261
0,36262
0,36263
0,36264
0,36265
0,36266
0,36267
0,36268
0,36269
0,36270
0,36271
0,36272
0,36273
0,36274
2,36275
2,36276
2,36277
0,36278
0,36279
0,36280
0,36281
1,36282
1,36283
1,36284
1,36285
1,36286
1,36287
0,36288
0,36289
0,36290
0,36291
0,36292
0,36293
0,36294
0,36295
0,36296
0,36297
0,36298
0,36299
0,36300
0,36301
0,36302
0,36303
2,36304
2,36305
2,36306
2,36307
0,36308
0,36309
0,36310
0,36311
0,36312
0,36313
0,36314
0,36315
0,36316
0,36317
0,36318
0,36319
0,36320
0,36321
0,36322
0,36323
0,36324
0,36325
0,36326
0,36327
0,36328
0,36329
0,36330
0,36331
0,36332
0,36333
2,36334
2,36335
2,36336
0,36337
0,36338
0,36339
0,36340
0,36341
0,36342
0,36343
0,36344
0,36345
0,36346
0,36347
0,36348
0,36349
1,36350
1,36351
1,36352
1,36353
1,36354
1,36355
0,36356
0,36357
0,36358
0,36359
0,36360
0,36361
0,36362
0,36363
0,36364
0,36365
0,36366
0,36367
1,36368
1,36369
1,36370
1,36371
1,36372
0,36373
0,36374
0,36375
0,36376
0,36377
0,36378
0,36379
0,36380
0,36381
0,36382
0,36383
0,36384
0,36385
0,36386
0,36387
0,36388
0,36389
0,36390
0,36391
0,36392
0,36393
0,36394
0,36395
0,36396
0,36397
0,36398
1,36399
1,36400
1,36401
1,36402
1,36403
1,36404
1,36405
1,36406
1,36407
0,36408
0,36409
0,36410
0,36411
0,36412
0,36413
1,36414
1,36415
1,36416
1,36417
0,36422
0,36423
0,36424
0,36425
0,36426
0,36427
0,36428
0,36429
0,36430
0,36431
0,36432
0,36433
0,36434
0,36435
0,36436
0,36437
0,36438
0,36439
0,36440
0,36441
0,36442
0,36443
0,36444
0,36445
0,36446
0,36447
0,36448
0,36449
0,36450
0,36451
0,36452
0,36453
0,36454
0,36455
0,36456
0,36457
0,36458
0,36459
0,36460
0,36461
0,36462
0,36463
0,36464
0,36465
0,36466
2,36467
2,36468
2,36469
0,36470
0,36471
0,36472
0,36473
0,36474
0,36475
0,36476
0,36477
0,36478
0,36479
2,36480
2,36481
0,36482
0,36483
0,36484
0,36485
0,36486
0,36487
0,36488
0,36489
0,36490
0,36491
0,36492
0,36493
0,36494
0,36495
0,36496
0,36497
0,36498
0,36499
0,36500
0,36501
0,36502
0,36503
0,36504
0,36505
0,36506
0,36507
0,36508
0,36509
0,36510
0,36511
0,36512
0,36513
0,36514
0,36515
0,36516
0,36517
0,36518
0,36519
0,36520
0,36521
0,36522
0,36523
0,36524
0,36525
0,36526
0,36527
0,36528
0,36529
0,36530
0,36531
0,36532
0,36533
0,36534
0,36535
0,36536
0,36537
0,36538
0,36539
0,36540
0,36541
1,36542
1,36543
1,36544
1,36545
0,36546
0,36547
0,36548
1,36549
1,36550
1,36551
1,36552
1,36553
1,36554
0,36555
0,36556
0,36557
1,36558
1,36559
1,36560
1,36561
0,36562
0,36563
0,36564
0,36565
0,36566
0,36567
0,36568
0,36569
0,36570
0,36571
0,36572
0,36573
0,36574
0,36575
0,36576
0,36577
0,36578
0,36579
0,36580
0,36581
0,36582
0,36583
0,36584
0,36585
0,36586
0,36587
0,36588
0,36589
0,36590
0,36591
0,36592
0,36593
0,36594
0,36595
0,36596
0,36597
0,36598
0,36599
0,36600
0,36601
0,36602
0,36603
1,36604
1,36605
1,36606
1,36607
1,36608
1,36609
0,36610
0,36611
0,36612
0,36613
0,36614
0,36615
0,36616
0,36617
0,36618
0,36619
0,36620
0,36621
1,36622
1,36623
1,36624
1,36625
1,36626
1,36627
1,36628
1,36629
1,36630
0,36631
0,36632
0,36633
0,36634
1,36635
1,36636
1,36637
1,36638
1,36639
1,36640
1,36641
2,36642
1,36643
0,36644
0,36645
0,36646
0,36647
0,36648
0,36649
0,36650
0,36651
0,36652
0,36653
0,36654
0,36655
0,36656
0,36657
1,36658
1,36659
1,36660
1,36661
1,36662
0,36663
0,36664
0,36665
0,36666
0,36667
0,36668
0,36669
0,36670
0,36671
0,36672
0,36673
0,36674
0,36675
0,36676
0,36677
0,36678
0,36679
0,36680
0,36681
0,36682
0,36683
0,36684
0,36685
0,36686
0,36687
0,36688
0,36689
0,36690
0,36691
0,36692
0,36693
0,36694
0,36695
0,36696
0,36697
0,36698
0,36699
1,36700
1,36701
1,36702
1,36703
1,36704
0,36705
0,36706
0,36707
0,36708
0,36709
0,36710
0,36711
0,36712
0,36713
0,36714
0,36715
0,36716
0,36717
0,36718
0,36719
0,36720
0,36721
0,36722
0,36723
0,36724
0,36725
0,36726
1,36727
1,36728
1,36729
1,36730
1,36731
1,36732
1,36733
1,36734
1,36735
1,36736
0,36737
0,36738
0,36739
0,36740
0,36741
0,36742
0,36743
0,36744
0,36745
0,36746
0,36747
0,36748
2,36749
2,36750
2,36751
2,36752
1,36753
1,36754
1,36755
0,36756
0,36757
0,36758
0,36759
0,36760
0,36761
0,36762
0,36763
0,36764
0,36765
0,36766
0,36767
0,36768
0,36769
0,36770
0,36771
0,36772
0,36773
0,36774
0,36775
0,36776
0,36777
0,36778
0,36779
0,36780
0,36781
0,36782
0,36783
0,36784
0,36785
0,36786
0,36787
0,36788
0,36789
0,36790
0,36791
0,36792
0,36793
0,36794
0,36795
0,36796
0,36797
0,36798
0,36799
0,36800
0,36801
0,36802
0,36803
0,36804
0,36805
0,36806
0,36807
0,36808
0,36809
0,36810
0,36811
0,36812
0,36813
0,36814
0,36815
0,36816
0,36817
0,36818
0,36819
0,36820
0,36821
0,36822
0,36823
0,36824
0,36825
0,36826
0,36827
0,36828
0,36829
0,36830
0,36831
0,36832
0,36833
0,36834
0,36835
0,36836
0,36837
0,36838
0,36839
0,36840
0,36841
0,36842
0,36843
0,36844
0,36845
0,36846
0,36847
0,36848
0,36849
1,36850
1,36851
1,36852
1,36853
1,36854
0,36855
0,36856
0,36857
0,36858
0,36859
0,36860
0,36861
0,36862
0,36863
0,36864
0,36865
0,36866
0,36867
1,36868
1,36869
0,36870
0,36871
0,36872
2,36873
2,36874
2,36875
1,36876
1,36877
1,36878
1,36879
1,36880
1,36881
0,36882
0,36883
0,36884
0,36885
0,36886
0,36887
0,36888
0,36889
0,36890
0,36891
0,36892
0,36893
0,36894
0,36895
0,36896
0,36897
0,36898
0,36899
0,36900
0,36901
0,36902
0,36903
0,36904
0,36905
0,36906
1,36907
1,36908
1,36909
1,36910
1,36911
1,36912
1,36913
1,36914
1,36915
1,36916
1,36917
1,36918
1,36919
1,36920
0,36921
0,36922
0,36923
0,36924
0,36925
1,36926
1,36927
1,36928
1,36929
1,36930
1,36931
1,36932
1,36933
1,36934
0,36935
0,36936
0,36937
0,36938
1,36939
1,36940
1,36941
1,36942
0,36943
0,36944
0,36945
0,36946
0,36947
0,36948
0,36949
0,36950
0,36951
0,36952
0,36953
0,36954
0,36955
0,36956
0,36957
0,36958
0,36959
0,36960
0,36961
0,36962
0,36963
0,36964
0,36965
0,36966
0,36967
0,36968
0,36969
0,36970
0,36971
1,36972
1,36973
1,36974
1,36975
0,36976
0,36977
0,36978
2,36979
2,36980
0,36981
0,36982
0,36983
0,36984
0,36985
0,36986
0,36987
0,36988
0,36989
0,36990
0,36991
0,36992
2,36993
2,36994
2,36995
1,36996
1,36997
1,36998
1,36999
1,37000
1,37001
1,37002
1,37003
1,37004
1,37005
1,37006
1,37007
1,37008
1,37009
0,37010
0,37011
0,37012
0,37013
0,37014
0,37015
0,37016
0,37017
0,37018
0,37019
1,37020
1,37021
1,37022
1,37023
0,37024
0,37025
0,37026
0,37027
0,37028
1,37029
1,37030
1,37031
1,37032
1,37033
0,37034
0,37035
0,37036
0,37037
0,37038
0,37039
0,37040
0,37041
0,37042
0,37043
0,37044
0,37045
1,37046
1,37047
1,37048
1,37049
0,37050
0,37051
0,37052
0,37053
0,37054
2,37055
2,37056
2,37057
2,37058
2,37059
2,37060
0,37061
0,37062
0,37063
1,37064
1,37065
1,37066
1,37067
1,37068
1,37069
0,37070
0,37071
0,37072
0,37073
0,37074
0,37075
0,37076
0,37077
0,37078
0,37079
0,37080
0,37081
0,37082
0,37083
0,37084
0,37085
0,37086
0,37087
0,37088
0,37089
0,37090
0,37091
0,37092
0,37093
0,37094
0,37095
0,37096
0,37097
0,37098
0,37099
0,37100
0,37101
2,37102
2,37103
0,37104
0,37105
0,37106
0,37107
0,37108
0,37109
0,37110
0,37111
1,37112
1,37113
1,37114
1,37115
1,37116
0,37117
0,37118
0,37119
0,37120
0,37121
0,37122
0,37123
0,37124
0,37125
1,37126
1,37127
1,37128
1,37129
1,37130
1,37131
1,37132
1,37133
1,37134
0,37135
0,37136
0,37137
0,37138
0,37139
0,37140
0,37141
0,37142
0,37143
0,37144
0,37145
0,37146
0,37147
0,37148
0,37149
2,37150
2,37151
0,37152
0,37153
0,37154
0,37155
1,37156
1,37157
1,37158
1,37159
1,37160
0,37161
0,37162
0,37163
0,37164
0,37165
0,37166
0,37167
0,37168
0,37169
0,37170
2,37171
2,37172
2,37173
2,37174
2,37175
2,37176
2,37177
2,37178
2,37179
0,37180
0,37181
0,37182
0,37183
1,37184
1,37185
1,37186
1,37187
1,37188
1,37189
0,37190
0,37191
0,37192
0,37193
0,37194
0,37195
0,37196
0,37197
0,37198
0,37199
0,37200
0,37201
0,37202
0,37203
0,37204
0,37205
0,37206
0,37207
0,37208
0,37209
0,37210
0,37211
0,37212
0,37213
0,37214
0,37215
0,37216
0,37217
0,37218
0,37219
0,37220
2,37221
2,37222
0,37223
0,37224
0,37225
2,37226
2,37227
2,37228
0,37229
0,37230
0,37231
0,37232
0,37233
0,37234
0,37235
0,37236
0,37237
0,37238
0,37239
0,37240
0,37241
0,37242
0,37243
0,37244
0,37245
0,37246
0,37247
0,37248
1,37249
1,37250
1,37251
1,37252
1,37253
0,37254
0,37255
0,37256
0,37257
0,37258
0,37259
0,37260
0,37261
0,37262
0,37263
0,37264
0,37265
0,37266
0,37267
0,37268
0,37269
2,37270
2,37271
2,37272
2,37273
0,37274
0,37275
0,37276
0,37277
0,37278
0,37279
0,37280
0,37281
0,37282
0,37283
0,37284
0,37285
0,37286
0,37287
0,37288
0,37289
0,37290
0,37291
0,37292
0,37293
0,37294
0,37295
0,37296
0,37297
0,37298
0,37299
0,37300
0,37301
0,37302
0,37303
0,37304
0,37305
0,37306
0,37307
0,37308
0,37309
0,37310
1,37311
1,37312
1,37313
1,37314
1,37315
1,37316
0,37317
0,37318
0,37319
0,37320
0,37321
0,37322
0,37323
0,37324
0,37325
0,37326
0,37327
0,37328
0,37329
0,37330
1,37331
1,37332
1,37333
1,37334
1,37335
1,37336
1,37337
1,37338
1,37339
1,37340
1,37341
0,37342
0,37343
0,37344
0,37345
0,37346
0,37347
0,37348
0,37349
0,37350
0,37351
0,37352
0,37353
0,37354
0,37355
0,37356
0,37357
0,37358
0,37359
0,37360
0,37361
0,37362
0,37363
0,37364
0,37365
0,37366
0,37367
0,37368
0,37369
0,37370
0,37371
0,37372
2,37373
2,37374
1,37375
1,37376
1,37377
0,37378
0,37379
0,37380
0,37381
0,37382
0,37383
0,37384
0,37385
0,37386
0,37387
0,37388
0,37389
0,37390
0,37391
0,37392
2,37393
2,37394
1,37395
1,37396
1,37397
1,37398
1,37399
0,37400
0,37401
0,37402
0,37403
0,37404
0,37405
0,37406
0,37407
0,37408
0,37409
0,37410
0,37411
0,37412
0,37413
0,37414
0,37415
0,37416
0,37417
0,37418
0,37419
0,37420
0,37421
0,37422
0,37423
0,37424
1,37425
1,37426
1,37427
1,37428
1,37429
1,37430
0,37431
0,37432
0,37433
0,37434
0,37435
0,37436
0,37437
0,37438
0,37439
0,37440
0,37441
0,37442
0,37443
0,37444
0,37445
0,37446
0,37447
0,37448
0,37449
0,37450
0,37451
0,37452
0,37453
0,37454
0,37455
0,37456
0,37457
0,37458
0,37459
0,37460
0,37461
0,37462
1,37463
1,37464
1,37465
1,37466
1,37467
0,37468
0,37469
0,37470
0,37471
0,37472
2,37473
2,37474
0,37475
0,37476
0,37477
0,37478
0,37479
0,37480
0,37481
0,37482
1,37483
1,37484
1,37485
1,37486
1,37487
1,37488
1,37489
1,37490
1,37491
1,37492
1,37493
1,37494
1,37495
1,37496
1,37497
0,37498
0,37499
0,37500
0,37501
2,37502
2,37503
0,37504
0,37505
0,37506
0,37507
0,37508
0,37509
0,37510
0,37511
0,37512
0,37513
0,37514
0,37515
0,37516
0,37517
0,37518
2,37519
2,37520
2,37521
2,37522
0,37523
0,37524
0,37525
0,37526
0,37527
1,37528
1,37529
1,37530
0,37531
0,37532
0,37533
0,37534
0,37535
0,37536
0,37537
0,37538
1,37539
1,37540
1,37541
1,37542
1,37543
1,37544
0,37545
0,37546
0,37547
0,37548
0,37549
0,37550
0,37551
0,37552
0,37553
0,37554
0,37555
0,37556
0,37557
1,37558
1,37559
1,37560
1,37561
0,37562
0,37563
0,37564
0,37565
0,37566
0,37567
0,37568
0,37569
0,37570
0,37571
0,37572
0,37573
1,37574
1,37575
1,37576
1,37577
1,37578
1,37579
1,37580
1,37581
0,37582
0,37583
0,37584
0,37585
0,37586
1,37587
1,37588
1,37589
1,37590
1,37591
1,37592
0,37593
0,37594
0,37595
0,37596
0,37597
0,37598
0,37599
0,37600
0,37601
0,37602
0,37603
0,37604
0,37605
0,37606
0,37607
0,37608
1,37609
1,37610
1,37611
1,37612
1,37613
1,37614
2,37615
2,37616
2,37617
2,37618
2,37619
2,37620
0,37621
0,37622
0,37623
0,37624
0,37625
0,37626
0,37627
0,37628
0,37629
0,37630
0,37631
0,37632
0,37633
0,37634
0,37635
1,37636
1,37637
1,37638
1,37639
1,37640
1,37641
0,37642
0,37643
0,37644
0,37645
0,37646
1,37647
1,37648
1,37649
1,37650
1,37651
1,37652
0,37653
0,37654
0,37655
0,37656
0,37657
0,37658
0,37659
0,37660
0,37661
0,37662
0,37663
0,37664
0,37665
0,37666
0,37667
0,37668
0,37669
0,37670
0,37671
0,37672
0,37673
0,37674
0,37675
0,37676
0,37677
0,37678
0,37679
0,37680
0,37681
0,37682
0,37683
0,37684
0,37685
0,37686
0,37687
0,37688
0,37689
1,37690
1,37691
1,37692
1,37693
1,37694
0,37695
0,37696
0,37697
0,37698
0,37699
0,37700
0,37701
0,37702
2,37703
2,37704
1,37705
1,37706
1,37707
1,37708
0,37709
0,37710
0,37711
0,37712
0,37713
0,37714
0,37715
0,37716
0,37717
0,37718
0,37719
1,37720
1,37721
1,37722
1,37723
1,37724
1,37725
1,37726
1,37727
1,37728
1,37729
1,37730
1,37731
1,37732
1,37733
1,37734
0,37735
0,37736
0,37737
0,37738
0,37739
0,37740
0,37741
0,37742
0,37743
0,37744
0,37745
0,37746
0,37747
2,37748
2,37749
2,37750
2,37751
1,37752
1,37753
1,37754
1,37755
0,37756
0,37757
0,37758
0,37759
0,37760
0,37761
2,37762
2,37763
2,37764
2,37765
2,37766
2,37767
2,37768
0,37769
0,37770
0,37771
1,37772
1,37773
1,37774
1,37775
0,37776
0,37777
0,37778
0,37779
0,37780
1,37785
1,37786
1,37787
1,37788
1,37789
1,37790
0,37791
0,37792
0,37793
1,37794
1,37795
1,37796
1,37797
0,37798
0,37799
0,37800
0,37801
0,37802
0,37803
0,37804
0,37805
0,37806
0,37807
0,37808
0,37809
0,37810
0,37811
0,37812
0,37813
0,37814
0,37815
0,37816
1,37817
1,37818
1,37819
1,37820
2,37821
2,37822
2,37823
2,37824
2,37825
2,37826
2,37827
0,37828
0,37829
0,37830
0,37831
0,37832
0,37833
0,37834
1,37835
1,37836
1,37837
1,37838
1,37839
1,37840
1,37841
1,37842
1,37843
1,37844
1,37845
1,37846
1,37847
1,37848
0,37849
0,37850
0,37851
0,37852
0,37853
0,37854
0,37855
0,37856
0,37857
0,37858
0,37859
0,37860
0,37861
0,37862
0,37863
0,37864
0,37865
0,37866
0,37867
0,37868
1,37869
1,37870
1,37871
1,37872
0,37873
1,37874
0,37875
0,37876
0,37877
0,37878
0,37879
0,37880
0,37881
0,37882
0,37883
0,37884
0,37885
2,37886
2,37887
2,37888
2,37889
2,37890
2,37891
2,37892
2,37893
2,37894
2,37895
0,37896
0,37897
0,37898
0,37899
0,37900
0,37901
1,37902
1,37903
1,37904
1,37905
2,37906
2,37907
2,37908
0,37909
0,37910
0,37911
0,37912
0,37913
0,37914
0,37915
0,37916
1,37917
1,37918
1,37919
1,37920
1,37921
1,37922
1,37923
1,37924
1,37925
1,37926
0,37927
0,37928
0,37929
2,37930
2,37931
2,37932
2,37933
2,37934
2,37935
0,37936
0,37937
0,37938
0,37939
0,37940
0,37941
0,37942
0,37943
0,37944
0,37945
0,37946
0,37947
0,37948
0,37949
0,37950
2,37951
2,37952
2,37953
2,37954
0,37955
0,37956
0,37957
0,37958
0,37959
0,37960
0,37961
0,37962
0,37963
0,37964
0,37965
0,37966
0,37967
0,37968
0,37969
0,37970
1,37971
1,37972
1,37973
1,37974
1,37975
2,37976
2,37977
2,37978
2,37979
2,37980
2,37981
2,37982
2,37983
0,37984
0,37985
0,37986
0,37987
0,37992
0,37993
0,37994
0,37995
0,37996
0,37997
0,37998
0,37999
0,38000
0,38001
0,38002
0,38003
0,38004
0,38005
0,38006
0,38007
0,38008
1,38009
1,38010
1,38011
1,38012
1,38013
1,38014
1,38015
1,38016
1,38017
0,38018
0,38019
0,38020
0,38021
0,38022
0,38023
0,38024
0,38025
0,38026
0,38027
0,38028
0,38029
0,38030
0,38031
0,38032
0,38033
0,38034
0,38035
0,38036
0,38037
0,38038
0,38039
0,38040
0,38041
0,38042
0,38043
0,38044
0,38045
0,38046
0,38047
0,38048
0,38049
2,38050
2,38051
2,38052
2,38053
0,38054
0,38055
0,38056
1,38057
1,38058
1,38059
1,38060
1,38061
1,38062
0,38063
0,38064
0,38065
0,38066
0,38067
0,38068
0,38069
0,38070
0,38071
2,38072
2,38073
2,38074
2,38075
2,38076
1,38077
1,38078
1,38079
1,38080
1,38081
0,38082
0,38083
0,38084
0,38085
0,38086
0,38087
0,38088
0,38089
1,38090
1,38091
1,38092
1,38093
1,38094
0,38095
0,38096
0,38097
0,38098
0,38099
0,38100
0,38101
0,38102
0,38103
0,38104
1,38105
1,38106
1,38107
1,38108
0,38109
0,38110
0,38111
0,38112
0,38113
0,38114
0,38115
0,38116
0,38117
0,38118
0,38119
0,38120
1,38121
1,38122
1,38123
1,38124
1,38125
0,38126
0,38127
0,38128
0,38129
0,38130
0,38131
0,38132
0,38133
0,38134
0,38135
0,38136
0,38137
0,38138
0,38139
0,38140
0,38141
0,38142
0,38143
0,38144
0,38145
0,38146
0,38147
0,38148
0,38149
0,38150
0,38151
0,38152
0,38153
0,38154
0,38155
0,38156
0,38157
0,38158
0,38159
0,38160
0,38161
0,38162
0,38163
0,38164
0,38165
0,38166
0,38167
0,38168
0,38169
0,38170
0,38171
0,38172
0,38173
0,38174
0,38175
0,38176
0,38177
0,38183
0,38184
0,38185
0,38186
0,38187
1,38188
1,38189
1,38190
1,38191
1,38192
1,38193
1,38194
1,38195
1,38196
1,38197
1,38198
1,38199
1,38200
1,38201
1,38202
0,38203
0,38204
0,38205
0,38206
0,38207
1,38208
1,38209
1,38210
1,38211
1,38212
0,38213
0,38214
0,38215
0,38216
0,38217
0,38218
0,38219
0,38220
0,38221
0,38222
0,38223
1,38224
1,38225
1,38226
1,38227
1,38228
0,38229
0,38230
0,38231
0,38232
0,38233
1,38234
1,38235
1,38236
1,38237
1,38238
0,38239
0,38240
0,38241
0,38242
0,38243
0,38244
0,38245
0,38246
0,38247
0,38248
0,38249
0,38250
0,38251
0,38252
0,38253
0,38254
0,38255
1,38256
1,38257
1,38258
1,38259
1,38260
1,38261
0,38262
0,38263
0,38264
0,38265
0,38266
0,38267
0,38268
0,38269
0,38270
2,38271
2,38272
2,38273
0,38274
0,38275
0,38276
0,38277
0,38278
1,38279
1,38280
1,38281
1,38282
1,38283
1,38284
1,38285
1,38286
1,38287
1,38288
0,38289
0,38290
0,38291
0,38292
0,38293
0,38294
0,38295
0,38296
1,38297
1,38298
1,38299
1,38300
1,38301
1,38302
1,38303
1,38304
1,38305
1,38306
1,38307
1,38308
1,38309
1,38310
1,38311
1,38312
1,38313
0,38314
0,38315
0,38316
0,38317
0,38318
0,38319
0,38320
0,38321
0,38322
0,38323
1,38324
1,38325
1,38326
1,38327
1,38328
1,38329
0,38330
0,38331
0,38332
0,38333
0,38334
0,38335
0,38336
1,38337
1,38338
1,38339
1,38340
1,38341
0,38342
0,38343
0,38344
0,38345
0,38346
0,38347
0,38348
0,38349
0,38350
0,38351
0,38352
0,38353
0,38354
0,38355
0,38356
0,38357
0,38358
1,38359
1,38360
1,38361
1,38362
1,38363
0,38364
0,38365
0,38366
0,38367
1,38368
1,38369
1,38370
1,38371
1,38372
1,38373
1,38374
0,38375
0,38376
0,38377
0,38378
0,38379
0,38380
0,38381
0,38382
0,38383
0,38384
0,38385
0,38386
0,38387
0,38388
0,38389
1,38390
1,38391
1,38392
1,38393
1,38394
1,38395
0,38396
0,38397
0,38398
0,38399
0,38400
0,38401
0,38402
0,38403
0,38404
0,38405
0,38406
0,38407
0,38408
0,38409
0,38410
0,38411
1,38412
1,38413
1,38414
1,38415
0,38416
0,38417
0,38418
0,38419
0,38420
0,38421
0,38422
0,38423
0,38424
0,38425
0,38426
0,38427
0,38428
0,38429
1,38430
1,38431
1,38432
0,38433
0,38434
0,38435
0,38436
0,38437
0,38438
0,38439
0,38440
0,38441
0,38442
0,38443
1,38444
1,38445
1,38446
1,38447
1,38448
0,38449
0,38450
0,38451
0,38452
0,38453
0,38454
0,38455
0,38456
0,38457
0,38458
0,38459
0,38460
0,38461
0,38462
0,38463
0,38464
0,38465
0,38466
0,38467
0,38468
0,38469
0,38470
1,38471
1,38472
0,38473
0,38474
0,38475
0,38476
0,38477
0,38478
0,38479
0,38480
0,38481
1,38482
1,38483
1,38484
1,38485
1,38486
1,38487
1,38488
1,38489
1,38490
1,38491
0,38492
0,38493
0,38494
0,38495
0,38496
2,38497
2,38498
2,38499
2,38500
1,38501
1,38502
1,38503
1,38504
1,38505
1,38506
1,38507
1,38508
1,38509
0,38510
0,38511
0,38512
0,38513
0,38514
0,38515
0,38516
0,38517
0,38518
0,38519
0,38520
0,38521
0,38522
0,38523
0,38524
0,38525
0,38526
0,38527
0,38528
0,38529
0,38530
0,38531
0,38532
0,38533
0,38534
0,38535
0,38536
0,38537
0,38538
0,38539
0,38540
0,38541
0,38542
0,38543
0,38544
0,38545
0,38546
0,38547
0,38548
1,38549
1,38550
1,38551
1,38552
2,38553
2,38554
0,38555
0,38556
0,38557
0,38558
0,38559
0,38560
0,38561
0,38562
0,38563
0,38564
0,38565
0,38566
0,38567
0,38568
0,38569
0,38570
0,38571
0,38572
0,38573
0,38574
0,38575
0,38576
0,38577
0,38578
0,38579
0,38580
0,38581
0,38582
0,38583
0,38584
0,38585
0,38586
0,38587
0,38588
0,38589
0,38590
0,38591
0,38592
0,38593
0,38594
0,38595
2,38596
2,38597
0,38598
0,38599
0,38600
0,38601
0,38602
1,38603
1,38604
1,38605
1,38606
1,38607
1,38608
1,38609
0,38610
0,38611
0,38612
0,38613
0,38614
1,38615
1,38616
1,38617
1,38618
1,38619
1,38620
1,38621
1,38622
1,38623
0,38624
0,38625
0,38626
0,38627
0,38628
0,38629
0,38630
0,38631
0,38632
0,38633
0,38634
0,38635
0,38636
0,38637
0,38638
0,38639
0,38640
0,38641
0,38642
0,38643
0,38644
0,38645
0,38646
2,38647
2,38648
1,38649
1,38650
1,38651
1,38652
1,38653
1,38654
1,38655
1,38656
1,38657
0,38658
0,38659
0,38660
0,38661
0,38662
2,38663
2,38664
2,38665
2,38666
2,38667
0,38668
0,38669
0,38670
1,38671
1,38672
1,38673
1,38674
1,38675
0,38676
0,38677
0,38678
0,38679
0,38680
0,38681
0,38682
0,38683
0,38684
0,38685
0,38686
0,38687
0,38688
0,38689
0,38690
0,38691
0,38692
0,38693
0,38694
0,38695
0,38696
0,38697
0,38698
0,38699
0,38700
0,38701
0,38702
0,38703
0,38704
0,38705
0,38706
0,38707
1,38708
1,38709
1,38710
1,38711
2,38712
2,38713
2,38714
1,38715
1,38716
1,38717
1,38718
1,38719
1,38720
0,38721
0,38722
0,38723
0,38724
2,38725
2,38726
2,38727
0,38728
0,38729
0,38730
0,38731
0,38732
0,38733
0,38734
0,38735
0,38736
0,38737
0,38738
0,38739
0,38740
0,38741
0,38742
0,38743
0,38744
0,38745
0,38746
0,38747
0,38748
0,38749
0,38750
0,38751
0,38752
0,38753
0,38754
0,38755
0,38756
0,38757
0,38758
0,38759
0,38760
0,38761
0,38762
0,38763
0,38764
1,38765
1,38766
1,38767
1,38768
1,38769
0,38770
0,38771
0,38772
0,38773
2,38774
2,38775
1,38776
1,38777
1,38778
0,38779
0,38780
0,38781
0,38782
0,38783
0,38784
0,38785
0,38786
0,38787
0,38788
0,38789
0,38790
0,38791
2,38792
2,38793
1,38794
1,38795
1,38796
1,38797
1,38798
1,38799
2,38800
2,38801
0,38802
0,38803
0,38804
0,38805
0,38806
0,38807
0,38808
1,38809
1,38810
1,38811
1,38812
1,38813
1,38814
0,38815
0,38816
0,38817
0,38818
0,38819
1,38820
1,38821
1,38822
1,38823
1,38824
1,38825
1,38826
1,38827
1,38828
1,38829
0,38830
0,38831
0,38832
0,38833
1,38834
1,38835
1,38836
1,38837
1,38838
0,38839
0,38840
0,38841
0,38842
0,38843
0,38844
0,38845
0,38846
0,38847
0,38848
0,38849
0,38850
0,38851
0,38852
0,38853
0,38854
0,38855
0,38856
0,38857
0,38858
0,38859
0,38860
0,38861
0,38862
0,38863
0,38864
0,38865
0,38866
0,38867
0,38868
0,38869
0,38870
1,38871
1,38872
1,38873
1,38874
1,38875
0,38876
0,38877
0,38878
0,38879
0,38880
0,38881
0,38882
0,38883
0,38884
0,38885
0,38886
0,38887
0,38888
0,38889
0,38890
0,38891
0,38892
1,38893
1,38894
1,38895
1,38896
1,38897
1,38898
0,38899
0,38900
0,38901
0,38902
0,38903
2,38904
2,38905
2,38906
2,38907
2,38908
2,38909
2,38910
2,38911
2,38912
1,38913
1,38914
1,38915
1,38916
0,38917
0,38918
0,38919
0,38920
0,38921
0,38922
0,38923
0,38924
0,38925
0,38926
0,38927
0,38928
0,38929
0,38930
0,38931
0,38932
0,38933
0,38934
0,38935
1,38936
1,38937
1,38938
1,38939
1,38940
1,38941
2,38942
2,38943
2,38944
2,38945
0,38946
0,38947
0,38948
0,38949
0,38950
0,38951
0,38952
0,38953
0,38954
0,38955
0,38956
0,38957
0,38958
0,38959
0,38960
0,38961
0,38962
0,38963
0,38964
0,38965
1,38966
1,38967
1,38968
1,38969
1,38970
1,38971
2,38972
2,38973
2,38974
0,38975
0,38976
0,38977
0,38978
0,38979
1,38980
1,38981
1,38982
1,38983
0,38984
0,38985
0,38986
0,38987
0,38988
1,38989
1,38990
1,38991
1,38992
1,38993
1,38994
1,38995
1,38996
1,38997
0,38998
0,38999
0,39000
0,39001
2,39002
2,39003
0,39004
0,39005
0,39006
0,39007
0,39008
0,39009
0,39010
0,39011
1,39012
1,39013
1,39014
1,39015
1,39016
0,39017
0,39018
0,39019
0,39020
0,39021
0,39022
0,39023
0,39024
0,39025
0,39026
0,39027
0,39028
0,39029
0,39030
0,39031
0,39032
0,39033
0,39034
0,39035
0,39036
0,39037
0,39038
1,39039
1,39040
1,39041
1,39042
0,39043
0,39044
0,39045
0,39046
0,39047
0,39048
0,39049
0,39050
0,39051
0,39052
0,39053
0,39054
0,39055
0,39056
0,39057
0,39058
0,39059
0,39060
0,39061
0,39062
0,39063
0,39064
0,39065
1,39066
2,39067
2,39068
0,39069
0,39070
0,39071
0,39072
0,39073
0,39074
0,39075
0,39076
0,39077
2,39078
2,39079
2,39080
0,39081
0,39082
0,39083
0,39084
0,39085
0,39086
0,39087
0,39088
0,39089
0,39090
0,39091
0,39092
0,39093
0,39094
0,39095
0,39096
0,39097
0,39098
1,39099
1,39100
1,39101
1,39102
1,39103
1,39104
1,39105
1,39106
1,39107
1,39108
1,39109
2,39110
2,39111
2,39112
2,39113
0,39114
0,39115
0,39116
0,39117
0,39118
0,39119
0,39120
0,39121
0,39122
1,39123
1,39124
1,39125
1,39126
1,39127
0,39128
0,39129
0,39130
0,39131
0,39132
1,39133
1,39134
1,39135
1,39136
1,39137
0,39138
0,39139
0,39140
0,39141
0,39142
0,39143
0,39144
0,39145
0,39146
0,39147
0,39148
0,39149
0,39150
1,39151
1,39152
1,39153
1,39154
1,39155
0,39156
0,39157
0,39158
0,39159
0,39160
0,39161
0,39162
0,39163
0,39164
2,39165
2,39166
2,39167
2,39168
2,39169
0,39170
0,39171
0,39172
1,39173
1,39174
1,39175
1,39176
1,39177
0,39178
0,39179
0,39180
0,39181
0,39182
0,39183
0,39184
0,39185
2,39186
2,39187
0,39188
0,39189
0,39190
0,39191
0,39192
0,39193
0,39194
1,39195
1,39196
1,39197
1,39198
1,39199
1,39200
2,39201
2,39202
0,39203
0,39204
0,39205
0,39206
0,39207
1,39208
1,39209
1,39210
1,39211
1,39212
1,39213
0,39214
0,39215
0,39216
1,39217
1,39218
1,39219
1,39220
1,39221
0,39222
0,39223
0,39224
0,39225
0,39226
0,39227
0,39228
1,39229
1,39230
1,39231
1,39232
1,39233
1,39234
1,39235
1,39236
1,39237
1,39238
1,39239
1,39240
1,39241
0,39242
0,39243
0,39244
0,39245
0,39246
0,39247
0,39248
0,39249
0,39250
0,39251
2,39252
2,39253
1,39254
1,39255
1,39256
1,39257
1,39258
0,39259
0,39260
0,39261
0,39262
0,39263
0,39264
0,39265
0,39266
2,39267
2,39268
2,39269
2,39270
0,39271
0,39272
0,39273
0,39274
0,39275
0,39276
0,39277
0,39278
0,39279
0,39280
0,39281
0,39282
0,39283
0,39284
0,39285
0,39286
0,39287
0,39288
1,39289
1,39290
1,39291
1,39292
0,39293
0,39294
0,39295
0,39296
0,39297
0,39298
0,39299
0,39300
0,39301
0,39302
0,39303
0,39304
0,39305
0,39306
0,39307
1,39308
1,39309
1,39310
1,39311
1,39312
1,39313
1,39314
1,39315
1,39316
1,39317
1,39318
0,39319
0,39320
0,39321
0,39322
0,39323
0,39324
0,39325
0,39326
0,39327
0,39328
0,39329
0,39330
0,39331
0,39332
0,39333
0,39334
0,39335
0,39336
0,39337
0,39338
0,39339
0,39340
0,39341
0,39342
0,39343
0,39344
0,39345
0,39346
0,39347
0,39348
0,39349
0,39350
0,39351
0,39352
0,39353
0,39354
0,39355
0,39356
0,39357
0,39358
0,39359
0,39360
0,39361
0,39362
0,39363
1,39364
1,39365
1,39366
1,39367
1,39368
1,39369
0,39370
0,39371
0,39372
0,39373
0,39374
0,39375
0,39376
0,39377
0,39378
1,39379
1,39380
1,39381
1,39382
1,39383
1,39384
1,39385
1,39386
1,39387
2,39388
2,39389
2,39390
2,39391
0,39392
0,39393
0,39394
0,39395
0,39396
1,39397
1,39398
1,39399
1,39400
1,39401
1,39402
1,39403
1,39404
1,39405
1,39406
0,39407
0,39408
0,39409
0,39410
0,39411
0,39412
0,39413
0,39414
1,39415
1,39416
1,39417
1,39418
1,39419
1,39420
0,39421
0,39422
0,39423
0,39424
0,39425
0,39426
0,39427
0,39428
1,39429
1,39430
1,39431
1,39432
1,39433
1,39434
1,39435
1,39436
1,39437
1,39438
1,39439
1,39440
2,39441
2,39442
2,39443
2,39444
2,39445
2,39446
0,39447
0,39448
0,39449
0,39450
0,39451
0,39452
0,39453
0,39454
0,39455
1,39456
1,39457
1,39458
1,39459
1,39460
1,39461
1,39462
1,39463
1,39464
1,39465
0,39466
0,39467
0,39468
0,39469
0,39470
0,39471
0,39472
0,39473
0,39474
0,39475
0,39476
2,39477
2,39478
0,39479
0,39480
0,39481
0,39482
0,39483
0,39484
0,39485
0,39486
0,39487
0,39488
0,39489
0,39490
0,39491
1,39492
1,39493
1,39494
1,39495
0,39496
0,39497
0,39498
0,39499
0,39500
2,39501
2,39502
0,39503
0,39504
0,39505
0,39506
0,39507
0,39508
0,39509
0,39510
0,39511
0,39512
0,39513
0,39514
0,39515
1,39516
1,39517
1,39518
1,39519
1,39520
1,39521
0,39522
0,39523
0,39524
0,39525
0,39526
0,39527
0,39528
0,39529
0,39530
1,39531
1,39532
1,39533
1,39534
1,39535
1,39536
0,39537
0,39538
0,39539
0,39540
0,39541
0,39542
0,39543
0,39544
0,39545
0,39546
2,39547
2,39548
2,39549
2,39550
0,39551
0,39552
0,39553
0,39554
0,39555
2,39556
2,39557
0,39558
0,39559
0,39560
0,39561
0,39562
0,39563
0,39564
0,39565
2,39566
2,39567
2,39568
1,39569
1,39570
1,39571
1,39572
1,39573
1,39574
0,39575
0,39576
0,39577
0,39578
0,39579
1,39580
1,39581
1,39582
1,39583
1,39584
1,39585
0,39586
0,39587
0,39588
0,39589
0,39590
0,39591
0,39592
0,39593
0,39594
0,39595
0,39596
0,39597
0,39598
0,39599
0,39600
0,39601
0,39602
0,39603
0,39604
0,39605
1,39606
1,39607
1,39608
1,39609
0,39610
0,39611
0,39612
0,39613
0,39614
0,39615
0,39616
2,39617
2,39618
2,39619
2,39620
2,39621
1,39622
1,39623
1,39624
1,39625
1,39626
0,39627
0,39628
0,39629
0,39630
0,39631
0,39632
0,39633
0,39634
0,39635
0,39636
0,39637
0,39638
0,39639
0,39640
0,39641
0,39642
1,39643
1,39644
1,39645
1,39646
1,39647
1,39648
1,39649
1,39650
1,39651
1,39652
0,39653
0,39654
0,39655
1,39656
1,39657
1,39658
1,39659
1,39660
0,39661
0,39662
0,39663
0,39664
0,39665
0,39666
0,39667
0,39668
0,39669
0,39670
0,39671
0,39672
0,39673
0,39674
0,39675
0,39676
0,39677
0,39678
0,39679
0,39680
0,39681
0,39682
0,39683
0,39684
0,39685
0,39686
0,39687
0,39688
0,39689
0,39690
0,39691
0,39692
0,39693
0,39694
0,39695
0,39696
1,39697
1,39698
1,39699
0,39700
0,39701
0,39702
0,39703
0,39704
0,39705
0,39706
0,39707
0,39708
0,39709
0,39710
0,39711
0,39712
0,39713
0,39714
1,39715
1,39716
1,39717
1,39718
1,39719
1,39720
1,39721
1,39722
1,39723
0,39724
0,39725
0,39726
0,39727
0,39728
0,39729
0,39730
0,39731
0,39732
0,39733
0,39734
0,39735
0,39736
0,39737
0,39738
0,39739
0,39740
0,39741
0,39742
0,39743
0,39744
0,39745
0,39746
0,39747
0,39748
0,39749
0,39750
0,39751
0,39752
0,39753
1,39754
1,39755
1,39756
1,39757
1,39758
1,39759
1,39760
1,39761
0,39762
0,39763
0,39764
0,39765
0,39766
0,39767
0,39768
0,39769
0,39770
0,39771
0,39772
0,39773
0,39774
1,39775
1,39776
1,39777
1,39778
1,39779
1,39780
1,39781
1,39782
1,39783
1,39784
1,39785
1,39786
2,39787
2,39788
2,39789
0,39790
0,39791
0,39792
0,39793
0,39794
0,39795
0,39796
0,39797
0,39798
0,39799
0,39800
0,39801
0,39802
0,39803
0,39804
0,39805
0,39806
0,39807
1,39808
1,39809
1,39810
1,39811
0,39812
0,39813
0,39814
0,39815
2,39816
2,39817
2,39818
2,39819
0,39820
0,39821
0,39822
0,39823
0,39824
2,39825
2,39826
2,39827
0,39828
0,39829
0,39830
0,39831
0,39832
2,39833
2,39834
0,39835
0,39836
0,39837
0,39838
0,39839
1,39840
1,39841
1,39842
1,39843
1,39844
0,39845
0,39846
0,39847
0,39848
1,39849
1,39850
1,39851
1,39852
1,39853
0,39854
0,39855
0,39856
0,39857
0,39858
0,39859
0,39860
0,39861
0,39862
0,39863
0,39864
0,39865
0,39866
0,39867
0,39868
0,39869
0,39870
0,39871
0,39872
0,39873
0,39874
0,39875
0,39876
0,39877
0,39878
0,39879
0,39880
0,39881
0,39882
0,39883
0,39884
0,39885
0,39886
0,39887
0,39888
0,39889
0,39890
0,39891
0,39892
0,39893
0,39894
1,39895
1,39896
1,39897
1,39898
0,39899
0,39900
0,39901
0,39902
0,39903
0,39904
0,39905
0,39906
0,39907
0,39908
0,39909
0,39910
0,39911
0,39912
0,39913
0,39914
0,39919
0,39920
0,39921
0,39922
0,39923
0,39924
0,39925
0,39926
0,39927
0,39928
0,39929
0,39930
0,39931
0,39932
0,39933
0,39934
0,39935
1,39936
1,39937
1,39938
1,39939
1,39940
1,39941
0,39942
0,39943
0,39944
0,39951
0,39952
0,39953
0,39954
0,39955
0,39956
0,39957
0,39958
0,39959
0,39960
0,39961
0,39962
0,39963
0,39964
0,39965
0,39966
0,39967
2,39968
2,39969
2,39970
2,39971
2,39972
2,39973
2,39974
2,39975
0,39976
0,39977
0,39978
0,39979
0,39980
2,39981
2,39982
2,39983
2,39984
2,39985
2,39986
2,39987
1,39988
1,39989
1,39990
1,39991
1,39992
1,39993
1,39994
1,39995
1,39996
1,39997
1,39998
0,39999
0,40000
0,40001
2,40002
2,40003
2,40004
1,40005
1,40006
1,40007
1,40008
1,40009
1,40010
0,40011
0,40012
0,40013
0,40014
0,40015
0,40016
0,40017
0,40018
0,40019
0,40020
1,40021
1,40022
1,40023
1,40024
0,40025
0,40026
0,40027
0,40028
0,40029
0,40030
0,40031
0,40032
0,40033
0,40034
0,40035
0,40036
0,40037
0,40038
0,40039
0,40040
2,40041
2,40042
2,40043
2,40044
0,40045
0,40046
0,40047
0,40052
0,40053
0,40054
0,40055
0,40056
0,40057
0,40058
0,40059
0,40060
0,40061
0,40062
0,40063
0,40064
0,40065
0,40066
0,40067
0,40068
1,40069
1,40070
1,40071
1,40072
0,40073
0,40074
0,40075
0,40076
0,40077
0,40078
0,40079
0,40080
0,40081
2,40082
2,40083
2,40084
0,40085
0,40086
0,40087
0,40088
0,40089
1,40090
1,40091
1,40092
1,40093
1,40094
1,40095
1,40096
1,40097
0,40098
0,40099
0,40100
0,40101
0,40102
0,40103
0,40104
0,40105
0,40106
0,40107
0,40108
0,40109
0,40110
0,40111
0,40112
0,40113
0,40114
1,40115
1,40116
1,40117
1,40118
1,40119
0,40120
0,40121
0,40122
0,40123
0,40124
0,40125
0,40126
0,40127
0,40128
0,40129
1,40130
1,40131
1,40132
0,40133
0,40134
0,40135
0,40136
0,40137
0,40138
0,40139
0,40140
0,40141
0,40142
0,40143
0,40144
2,40145
2,40146
0,40147
0,40148
0,40149
0,40150
1,40151
1,40152
1,40153
1,40154
0,40155
0,40156
0,40157
0,40158
1,40159
1,40160
1,40161
1,40162
0,40163
0,40164
0,40165
0,40166
0,40167
1,40168
1,40169
1,40170
1,40171
1,40172
0,40173
0,40174
0,40175
1,40176
1,40177
1,40178
1,40179
0,40180
0,40181
0,40182
0,40183
0,40184
0,40185
0,40186
0,40187
0,40188
0,40189
0,40190
0,40191
0,40192
0,40193
0,40194
0,40195
0,40196
0,40197
0,40198
0,40199
0,40200
0,40201
0,40202
0,40203
0,40204
2,40205
2,40206
2,40207
2,40208
2,40209
2,40210
2,40211
2,40212
0,40213
0,40214
0,40215
0,40216
0,40217
2,40218
2,40219
0,40220
0,40221
0,40222
0,40223
0,40224
2,40225
2,40226
2,40227
2,40228
2,40229
1,40230
1,40231
1,40232
0,40233
0,40234
0,40235
0,40236
0,40237
0,40238
0,40239
0,40240
0,40241
0,40242
1,40243
1,40244
1,40245
1,40246
1,40247
1,40248
0,40249
0,40250
0,40251
0,40256
0,40257
0,40258
0,40259
0,40260
0,40261
0,40262
0,40263
1,40264
1,40265
1,40266
1,40267
0,40268
0,40269
0,40270
0,40271
0,40272
1,40273
1,40274
1,40275
1,40276
1,40277
1,40278
1,40279
1,40280
0,40281
0,40282
0,40283
0,40284
0,40285
1,40286
1,40287
1,40288
1,40289
1,40290
1,40291
0,40292
0,40293
0,40294
0,40295
1,40296
1,40297
1,40298
1,40299
1,40300
1,40301
0,40302
0,40303
0,40304
0,40305
0,40306
0,40307
0,40308
0,40309
0,40310
1,40311
1,40312
1,40313
1,40314
1,40315
0,40316
0,40317
0,40318
0,40319
0,40320
0,40321
0,40322
0,40323
0,40324
0,40325
0,40326
0,40327
0,40328
0,40329
0,40330
0,40331
0,40332
0,40333
1,40334
1,40335
1,40336
1,40337
1,40338
0,40339
0,40340
0,40341
0,40342
0,40343
0,40344
0,40345
0,40346
0,40347
0,40348
1,40349
1,40350
1,40351
1,40352
1,40353
1,40354
1,40355
1,40356
1,40357
1,40358
0,40359
0,40360
0,40361
0,40362
0,40363
0,40364
0,40365
0,40366
0,40367
0,40368
0,40369
0,40370
0,40371
0,40372
0,40373
0,40374
0,40375
0,40376
0,40377
0,40378
0,40379
0,40380
0,40381
0,40382
0,40383
0,40384
0,40385
0,40386
0,40387
0,40388
0,40389
0,40390
0,40391
0,40392
0,40393
0,40394
0,40395
2,40396
2,40397
2,40398
2,40399
0,40400
0,40401
0,40402
0,40403
0,40404
1,40405
1,40406
1,40407
1,40408
0,40409
0,40410
0,40411
0,40412
2,40413
2,40414
2,40415
2,40416
1,40417
1,40418
1,40419
1,40420
1,40421
1,40422
0,40423
0,40424
0,40425
0,40426
0,40427
0,40428
0,40429
0,40430
0,40431
1,40438
1,40439
1,40440
1,40441
1,40442
0,40443
0,40444
0,40445
0,40446
0,40447
2,40454
2,40455
2,40456
0,40457
0,40458
0,40459
0,40460
0,40461
1,40462
1,40463
1,40464
1,40465
1,40466
1,40467
0,40468
0,40469
0,40470
0,40471
0,40472
2,40473
2,40474
2,40475
2,40476
0,40477
0,40478
0,40479
0,40480
0,40481
0,40482
0,40483
0,40484
0,40485
0,40486
1,40487
1,40488
1,40489
1,40490
1,40491
0,40492
0,40493
0,40494
0,40495
0,40496
0,40497
0,40498
0,40499
0,40500
0,40501
0,40502
0,40503
0,40504
0,40505
0,40506
0,40507
2,40512
2,40513
2,40514
2,40515
0,40516
0,40517
0,40518
0,40519
0,40520
0,40521
0,40522
0,40523
0,40524
0,40525
0,40526
0,40527
0,40528
0,40529
0,40530
0,40531
0,40532
0,40533
0,40534
0,40535
0,40536
0,40537
0,40538
0,40539
0,40540
0,40541
0,40542
0,40543
0,40544
0,40545
0,40546
0,40547
0,40548
0,40549
0,40550
0,40551
0,40552
0,40553
0,40554
0,40555
0,40556
0,40557
0,40558
0,40559
0,40560
0,40561
0,40562
0,40563
0,40564
0,40565
0,40566
0,40567
0,40568
0,40569
0,40570
0,40571
0,40572
0,40573
0,40574
0,40575
0,40576
1,40577
1,40578
1,40579
1,40580
1,40581
1,40582
0,40583
0,40584
0,40585
0,40586
0,40587
0,40588
0,40589
0,40590
0,40591
0,40592
0,40593
0,40594
0,40595
0,40596
1,40597
1,40598
1,40599
1,40600
0,40601
0,40602
0,40603
0,40604
0,40605
0,40606
0,40607
0,40608
0,40609
0,40610
0,40611
0,40612
0,40613
0,40614
0,40615
0,40616
0,40617
0,40618
0,40619
0,40620
0,40621
1,40622
1,40623
1,40624
1,40625
1,40626
1,40627
0,40628
0,40629
0,40630
0,40631
0,40632
0,40633
0,40634
0,40635
0,40636
0,40637
0,40638
0,40639
0,40640
0,40641
0,40642
0,40643
0,40644
0,40645
0,40646
0,40647
0,40648
0,40649
0,40650
0,40651
0,40652
0,40653
0,40654
0,40655
0,40656
0,40657
0,40658
0,40659
0,40660
0,40661
0,40662
0,40663
0,40664
0,40665
0,40666
0,40667
0,40668
0,40669
0,40670
0,40671
2,40672
2,40673
2,40674
2,40675
0,40676
0,40677
0,40678
0,40679
0,40680
0,40681
0,40682
0,40683
0,40684
0,40685
0,40686
0,40687
0,40688
0,40689
0,40690
0,40691
0,40692
0,40693
0,40694
0,40695
1,40696
1,40697
1,40698
1,40699
1,40700
2,40701
2,40702
2,40703
2,40704
2,40705
2,40706
2,40707
0,40708
0,40709
0,40710
0,40711
0,40712
0,40713
0,40714
0,40715
0,40716
0,40717
0,40718
0,40719
0,40720
0,40721
0,40722
0,40723
0,40724
0,40725
0,40726
0,40727
0,40728
0,40729
0,40730
0,40731
0,40732
0,40733
0,40734
0,40735
0,40736
0,40737
0,40738
0,40739
0,40740
0,40741
0,40742
0,40743
0,40744
0,40745
0,40746
0,40747
0,40748
0,40749
0,40750
0,40751
0,40752
1,40753
1,40754
1,40755
1,40756
0,40757
0,40758
0,40759
0,40760
0,40761
0,40762
0,40763
0,40764
0,40765
0,40766
0,40767
0,40768
0,40769
0,40770
0,40771
0,40772
0,40773
1,40774
1,40775
1,40776
0,40777
0,40778
0,40779
0,40780
0,40781
0,40782
0,40783
0,40784
0,40785
0,40786
0,40787
0,40788
0,40789
0,40790
0,40791
0,40792
1,40793
1,40794
1,40795
0,40796
0,40797
0,40798
0,40799
0,40800
0,40801
0,40802
0,40803
0,40804
0,40805
0,40806
0,40807
0,40808
0,40809
0,40810
0,40811
0,40812
2,40813
2,40814
2,40815
2,40816
0,40817
0,40818
0,40819
0,40820
0,40821
0,40822
0,40823
0,40824
0,40825
0,40826
0,40827
0,40828
0,40829
0,40830
0,40831
0,40832
0,40833
0,40834
0,40835
0,40836
0,40837
0,40838
0,40839
0,40840
0,40841
0,40842
0,40843
0,40844
0,40845
0,40846
0,40847
0,40848
0,40849
0,40850
0,40851
0,40852
0,40853
0,40854
0,40855
0,40856
0,40857
0,40858
0,40859
0,40860
1,40861
1,40862
1,40863
1,40864
1,40865
0,40866
0,40867
0,40868
0,40869
0,40870
0,40871
0,40872
0,40873
0,40874
1,40875
1,40876
1,40877
1,40878
1,40879
1,40880
1,40881
1,40882
1,40883
0,40884
0,40885
0,40886
0,40887
0,40888
0,40889
0,40890
0,40891
0,40892
0,40893
0,40894
0,40895
0,40896
0,40897
0,40898
0,40899
1,40900
1,40901
1,40902
1,40903
1,40904
1,40905
1,40906
0,40907
0,40908
0,40909
0,40910
0,40911
0,40912
0,40913
0,40914
0,40915
0,40916
0,40917
0,40918
0,40919
0,40920
0,40921
0,40922
0,40923
0,40924
0,40925
0,32741
0,32742
0,32743
0,32744
0,32745
0,32746
0,32747
0,32748
0,32749
0,32750
0,32751
1,32752
1,32753
1,32754
1,32755
0,32756
0,32757
0,32758
0,32759
0,32760
0,32761
1,32762
1,32763
1,32764
0,32765
0,32766
0,32767
